,mean_value_5,max_value_5,mean_value_10,max_value_10,mean_value_15,max_value_15
MSWD_2_cel_2_9_to_1,49.19642712729318,51.785712650844026,65.68452142987931,69.64285550798688,73.21428266252789,78.57142639160156
MSWD_2_cel_2_8_to_2,49.70237951278686,51.190474373953684,67.61904487609863,69.64285387311664,76.39880678994317,77.97618756975446
MSWD_2_cel_2_7_to_3,43.57142705917357,46.42856979370117,66.69642500196186,68.45237677437919,77.3214260373797,79.76190185546875
MSWD_2_cel_2_6_to_4,51.6964270046779,52.97618865966797,71.90475929805211,73.21428298950195,77.79761693137033,79.16666521344867
MSWD_2_cel_2_5_to_5,46.16071295057024,48.21428462437221,65.59523587908063,67.26190349033901,74.37499738420759,76.19047382899693
MSWD_2_cel_2_4_to_6,50.297617776053286,52.976189204624724,72.55952134813582,74.999997820173,81.45833078111922,83.92856924874442
MSWD_2_cel_2_3_to_7,49.077379485539026,51.19047491891043,70.05952085767476,71.42856924874442,77.79761605943955,79.1666646684919
MSWD_2_cel_2_2_to_8,49.19642693655832,51.785712650844026,70.8035690035139,74.40475899832589,81.5773790087019,83.92856924874442
MSWD_2_cel_2_softplus_norm,49.464284065791546,52.38095038277762,69.732140650068,71.42856870378766,78.86904493059431,80.3571412222726
