,mean_value_10,max_value_10,mean_value_20,max_value_20,mean_value_30,max_value_30
ResNet50,60.71428298950195,70.83332824707031,79.1666646684919,91.66666412353516,86.9047600882394,95.83332824707031
